drawdate,n1,n2,n3,n4,n5,prize_5,prize_4,prize_3
12/31/2012,6,17,23,31,37,0,335.5,12
12/30/2012,9,10,27,32,39,0,233.5,12.5
12/29/2012,2,4,10,24,40,1000000,244.5,10
12/28/2012,1,3,31,41,43,0,269.5,13
12/27/2012,8,9,11,12,33,0,174,8.5
12/26/2012,15,16,23,36,42,0,338,14
12/25/2012,13,24,28,30,37,0,345.5,12
12/24/2012,2,9,25,40,43,0,429,14.5
12/23/2012,3,5,17,19,28,700000,147.5,8
12/22/2012,15,17,21,38,40,0,343.5,13
12/21/2012,28,36,39,41,43,0,321.5,14.5
12/20/2012,19,23,34,41,42,0,388,15
12/19/2012,3,4,17,19,39,0,212.5,9.5
12/18/2012,5,11,25,26,35,325000,184,9.5
12/17/2012,4,17,19,28,35,0,271,10
12/16/2012,13,16,20,34,41,0,436.5,17
12/15/2012,15,30,31,34,39,225000,382,14.5
12/14/2012,3,13,29,37,43,0,253.5,11.5
12/13/2012,1,8,24,28,29,125000,200.5,9
12/12/2012,20,25,29,32,42,225000,308.5,14.5
12/11/2012,5,8,12,33,39,0,217.5,9
12/10/2012,15,17,22,29,36,325000,252.5,11.5
12/9/2012,24,34,38,40,41,0,336,15.5
12/8/2012,21,22,31,33,37,0,329,13.5
12/7/2012,16,22,26,31,32,325000,294.5,13.5
12/6/2012,4,5,16,20,22,0,180,8.5
12/5/2012,1,6,20,21,27,0,209,9.5
12/4/2012,2,10,20,26,43,500000,258.5,11
12/3/2012,5,15,19,20,32,0,220,9.5
12/2/2012,1,17,20,29,36,0,219.5,12.5
12/1/2012,2,9,14,17,18,0,169.5,8.5
11/30/2012,12,26,29,40,41,549266,306.5,14
11/29/2012,15,17,21,26,35,0,273,12
11/28/2012,13,21,24,25,33,0,220.5,10.5
11/27/2012,1,19,28,31,40,0,351,13.5
11/26/2012,5,12,22,23,24,1004321,172,9
11/25/2012,11,13,22,35,39,0,230.5,11.5
11/24/2012,7,26,29,31,35,0,380.5,12
11/23/2012,19,28,30,35,38,0,344,12.5
11/22/2012,9,18,34,36,39,0,330.5,13
11/21/2012,8,9,11,26,42,0,299,10
11/20/2012,5,7,9,20,35,325000,197.5,9
11/19/2012,13,17,27,29,43,0,289,11
11/18/2012,3,26,34,39,42,0,381,16.5
11/17/2012,5,19,22,31,41,330164,273.5,12
11/16/2012,5,18,19,20,37,0,279.5,11
11/15/2012,5,10,24,31,39,0,221,10
11/14/2012,13,20,22,27,38,225000,283,11.5
11/13/2012,10,12,18,26,28,0,144,8
11/12/2012,8,22,29,31,36,325000,227,12
11/11/2012,9,14,19,21,32,0,277,10
11/10/2012,7,8,13,19,24,0,147.5,7
11/9/2012,8,21,22,34,42,225000,302,13
11/8/2012,8,14,23,24,33,0,178.5,9
11/7/2012,5,19,22,24,29,225000,157.5,9
11/6/2012,1,5,8,14,43,0,271.5,9.5
11/5/2012,21,28,35,36,37,338863,360.5,13
11/4/2012,14,23,30,32,34,0,283.5,12.5
11/3/2012,2,5,32,34,43,0,369,14.5
11/2/2012,10,16,23,28,43,225000,305,11.5
11/1/2012,3,8,30,34,41,0,284,13.5
10/31/2012,8,9,35,36,41,325000,289.5,14.5
10/30/2012,8,22,30,33,35,0,326,12
10/29/2012,13,23,39,40,43,0,350.5,14
10/28/2012,17,24,33,40,41,500000,312.5,13
10/27/2012,7,13,15,30,42,0,359.5,11.5
10/26/2012,3,4,10,18,37,0,252.5,9.5
10/25/2012,4,18,28,39,42,0,245.5,13.5
10/24/2012,5,9,17,24,35,700000,189.5,9.5
10/23/2012,8,9,18,25,43,0,271,11
10/22/2012,5,8,9,10,15,0,104.5,6.5
10/21/2012,5,21,26,32,39,0,410.5,13
10/20/2012,29,33,38,39,40,0,381,15
10/19/2012,1,13,22,27,30,500000,242.5,10
10/18/2012,3,16,19,34,36,0,299.5,13
10/17/2012,10,15,17,18,40,0,269.5,12.5
10/16/2012,3,9,21,26,42,0,246.5,11
10/15/2012,2,7,22,34,41,325000,339.5,12
10/14/2012,8,9,12,20,23,0,179.5,7.5
10/13/2012,6,8,17,20,37,0,229,10.5
10/12/2012,11,19,23,38,41,225000,291,12.5
10/11/2012,4,10,15,22,35,0,342,10.5
10/10/2012,6,13,17,34,36,125000,241.5,12
10/9/2012,12,22,32,34,43,701930,279.5,12
10/8/2012,14,18,26,31,32,0,285.5,12.5
10/7/2012,4,13,28,30,40,0,232.5,12
10/6/2012,13,14,19,20,32,0,247.5,12
10/5/2012,12,16,19,30,37,0,331.5,11.5
10/4/2012,14,27,37,40,42,125000,351.5,16
10/3/2012,6,12,14,37,41,730516,311.5,12.5
10/2/2012,1,4,15,18,40,0,286,11.5
10/1/2012,5,6,13,17,23,0,166.5,8.5
9/30/2012,17,20,23,26,35,0,299,12
9/29/2012,6,19,22,35,36,0,255,13
9/28/2012,9,10,14,22,33,504277,221.5,10
9/27/2012,7,19,21,32,42,0,264.5,11.5
9/26/2012,1,5,14,15,36,0,216.5,10.5
9/25/2012,18,28,31,35,37,0,383,13.5
9/24/2012,2,13,20,41,42,1000000,325,13
9/23/2012,5,12,18,22,38,0,202,9.5
9/22/2012,3,4,7,20,31,0,211.5,9
9/21/2012,12,18,22,34,42,0,307,12
9/20/2012,19,24,28,34,41,0,299.5,13
9/19/2012,4,11,21,27,31,0,153,8.5
9/18/2012,4,13,20,40,41,1000000,278.5,13
9/17/2012,24,28,37,40,42,0,309,13.5
9/16/2012,2,4,23,28,33,0,216.5,10
9/15/2012,1,5,13,25,29,0,175.5,8.5
9/14/2012,23,27,28,36,41,0,450,14.5
9/13/2012,2,10,24,30,41,0,286.5,11
9/12/2012,2,3,19,22,24,728769,190.5,9.5
9/11/2012,7,31,33,34,39,0,242,12
9/10/2012,4,7,26,38,43,0,319,12.5
9/9/2012,16,29,38,39,42,0,319.5,15.5
9/8/2012,28,32,36,37,40,0,367.5,16
9/7/2012,3,13,21,24,31,1042372,187.5,9.5
9/6/2012,1,3,11,29,35,0,262.5,10
9/5/2012,3,6,15,16,37,0,249.5,11.5
9/4/2012,8,18,33,38,41,0,280,13
9/3/2012,3,7,14,31,37,0,280,10
9/2/2012,8,15,26,28,30,0,191.5,9.5
9/1/2012,6,8,22,27,42,534928,245,11.5
8/31/2012,10,12,18,20,34,0,211.5,10
8/30/2012,7,20,22,40,42,0,298.5,14
8/29/2012,11,33,36,41,42,0,353.5,16.5
8/28/2012,11,14,19,37,41,1100000,295.5,12.5
8/27/2012,1,20,22,37,43,0,277.5,13
8/26/2012,23,24,25,39,41,0,373,13.5
8/25/2012,13,19,24,34,38,0,255.5,12
8/24/2012,5,18,29,32,33,0,289,11.5
8/23/2012,17,18,29,38,42,0,454,14.5
8/22/2012,5,6,26,32,36,494280,270.5,12.5
8/21/2012,10,12,18,30,36,0,203,10
8/20/2012,14,22,27,35,38,0,331.5,13.5
8/19/2012,3,18,24,28,41,0,283,11.5
8/18/2012,1,12,24,34,40,125000,324.5,13.5
8/17/2012,4,10,32,34,41,125000,398,15.5
8/16/2012,2,5,10,15,24,225000,106,6.5
8/15/2012,2,7,16,18,41,0,277.5,11.5
8/14/2012,5,7,23,35,43,496018,192,11
8/13/2012,1,8,23,27,32,0,270,10.5
8/12/2012,15,20,23,29,43,0,304.5,13
8/11/2012,8,17,29,35,39,0,281.5,11.5
8/10/2012,6,11,18,30,31,1466221,213,10.5
8/9/2012,2,10,15,20,30,0,148,9
8/8/2012,3,5,31,40,42,0,317.5,13
8/7/2012,15,17,21,35,39,0,270.5,12
8/6/2012,2,11,20,29,33,0,231.5,10
8/5/2012,6,17,37,38,43,0,472,14.5
8/4/2012,5,7,24,32,43,0,276.5,11
8/3/2012,10,12,13,30,39,125000,282,10.5
8/2/2012,8,12,34,36,42,502727,307.5,13
8/1/2012,3,25,28,35,41,0,316.5,13.5
7/31/2012,2,3,20,23,33,0,220.5,9.5
7/30/2012,2,22,27,30,33,0,393.5,11
7/29/2012,8,13,21,23,39,325000,223,9.5
7/28/2012,4,9,13,15,43,0,279,10.5
7/27/2012,19,24,28,39,41,0,418,14
7/26/2012,7,9,17,22,41,125000,251.5,10
7/25/2012,21,22,29,38,41,1308159,308,12.5
7/24/2012,15,34,38,40,42,0,286,14
7/23/2012,2,22,24,34,40,0,296.5,12.5
7/22/2012,5,16,38,40,41,0,310,15
7/21/2012,2,5,22,23,29,0,165,9
7/20/2012,11,23,33,40,41,0,485,14.5
7/19/2012,11,26,27,33,37,0,359,12
7/18/2012,3,6,26,28,36,125000,249.5,10.5
7/17/2012,14,16,27,28,30,325000,241,11
7/16/2012,18,23,27,36,42,0,303.5,14
7/15/2012,8,9,20,33,40,0,471.5,13.5
7/14/2012,17,22,32,37,42,495717,283,13.5
7/13/2012,12,20,29,35,37,0,263,12.5
7/12/2012,10,14,16,29,39,0,254.5,11
7/11/2012,8,9,14,18,35,0,317,10
7/10/2012,1,12,13,30,33,125000,243,10
7/9/2012,1,5,14,17,27,457592,168.5,8.5
7/8/2012,7,19,28,30,34,0,257.5,10.5
7/7/2012,3,5,21,25,34,0,226.5,10
7/6/2012,29,32,33,34,42,0,490,16
7/5/2012,3,10,20,36,43,458682,342,12.5
7/4/2012,1,8,31,32,34,0,368.5,13
7/3/2012,1,5,10,24,43,0,252.5,9.5
7/2/2012,2,5,26,30,40,0,288.5,12
7/1/2012,4,15,19,20,30,125000,305,9
6/30/2012,8,14,21,22,29,325000,207.5,9.5
6/29/2012,3,8,11,24,28,0,120.5,7
6/28/2012,3,23,25,37,42,0,417,13.5
6/27/2012,5,17,32,39,42,468613,275,13
6/26/2012,10,24,27,37,39,0,270,12
6/25/2012,7,18,26,29,39,0,251.5,11
6/24/2012,2,6,11,32,37,0,292,11.5
6/23/2012,2,8,14,24,41,125000,207.5,10.5
6/22/2012,4,10,19,24,38,125000,231.5,9.5
6/21/2012,19,30,32,34,40,721969,305.5,13.5
6/20/2012,8,9,26,36,37,0,350,13
6/19/2012,2,6,38,41,43,0,337,15
6/18/2012,2,5,19,22,43,0,218.5,10
6/17/2012,2,10,21,22,30,0,181,9
6/16/2012,12,13,15,34,36,751080,317.5,12.5
6/15/2012,10,20,27,42,43,0,331.5,13
6/14/2012,7,9,14,25,32,0,231,10
6/13/2012,13,15,33,36,42,0,344,15
6/12/2012,1,14,17,20,28,0,187,9.5
6/11/2012,15,17,19,25,30,1422602,220,10.5
6/10/2012,2,5,21,26,33,0,260,10.5
6/9/2012,3,13,20,35,37,0,293,12
6/8/2012,10,12,24,37,39,0,224.5,11
6/7/2012,9,15,20,27,35,0,242.5,11
6/6/2012,13,17,22,32,40,0,284,13.5
6/5/2012,1,2,12,20,33,0,211.5,9.5
6/4/2012,8,28,31,37,38,502114,324,12
6/3/2012,11,20,25,26,40,0,337,13
6/2/2012,3,21,25,35,39,0,240,12.5
6/1/2012,3,4,30,34,39,0,311,13.5
5/31/2012,1,7,11,12,24,225000,100,6
5/30/2012,6,7,16,29,40,0,299.5,13
5/29/2012,19,20,25,39,42,125000,289.5,16
5/28/2012,3,5,8,32,41,1284141,293,11
5/27/2012,2,3,24,28,34,0,281.5,11
5/26/2012,2,29,37,38,41,0,308.5,13.5
5/25/2012,5,13,15,28,40,0,262.5,11
5/24/2012,1,4,9,22,36,0,194,10
5/23/2012,10,15,16,18,37,0,325,12
5/22/2012,13,29,35,39,42,0,463.5,15
5/21/2012,11,26,31,33,43,225000,354,13
5/20/2012,5,15,19,26,40,0,251.5,11
5/19/2012,2,7,8,14,31,495241,165.5,9
5/18/2012,17,25,26,29,32,0,319,12
5/17/2012,8,14,23,27,35,0,245.5,10.5
5/16/2012,33,34,35,40,43,0,344.5,16
5/15/2012,13,17,21,25,41,325000,278.5,11.5
5/14/2012,9,17,26,32,41,0,263.5,14
5/13/2012,6,24,28,32,41,0,316,15
5/12/2012,3,24,30,31,33,225000,217,10.5
5/11/2012,3,7,17,39,43,0,281,10.5
5/10/2012,6,8,11,18,31,325000,184,8.5
5/9/2012,17,18,38,41,43,0,347.5,15.5
5/8/2012,18,27,28,32,33,0,306.5,13
5/7/2012,11,16,22,24,29,125000,191.5,9
5/6/2012,2,13,16,35,43,225000,349,14.5
5/5/2012,15,24,33,42,43,0,294.5,15.5
5/4/2012,3,6,20,32,40,754704,319,12.5
5/3/2012,1,12,14,18,21,0,187,9.5
5/2/2012,12,17,27,29,39,0,224,10
5/1/2012,22,24,28,29,35,0,309.5,13
4/30/2012,3,14,17,38,42,0,355.5,13.5
4/29/2012,19,20,21,24,26,225000,244.5,10.5
4/28/2012,6,31,33,37,40,0,531,16
4/27/2012,12,14,36,37,38,332674,320.5,13.5
4/26/2012,5,20,23,26,41,0,280.5,12
4/25/2012,18,19,22,27,36,0,279.5,12
4/24/2012,8,18,21,34,41,325000,315,13.5
4/23/2012,7,12,25,29,42,0,255.5,11
4/22/2012,2,10,12,19,34,0,159,8
4/21/2012,16,23,29,30,33,330214,307.5,11.5
4/20/2012,16,17,23,38,40,0,372.5,14.5
4/19/2012,1,3,19,36,42,0,328.5,13.5
4/18/2012,1,6,16,30,39,494187,247,11.5
4/17/2012,3,6,13,28,39,0,211,9.5
4/16/2012,3,6,13,36,42,0,329,12.5
4/15/2012,5,7,33,39,42,0,288,12.5
4/14/2012,8,11,14,23,42,125000,246.5,10
4/13/2012,6,16,19,22,35,125000,314,11.5
4/12/2012,3,19,32,33,41,529529,311,13
4/11/2012,10,14,15,30,43,0,307.5,12
4/10/2012,3,5,14,30,33,0,256,9.5
4/9/2012,3,5,23,37,43,0,313,11
4/8/2012,4,5,9,25,30,125000,153,7
4/7/2012,3,6,9,15,16,538650,155.5,8.5
4/6/2012,3,10,12,14,42,0,294,10.5
4/5/2012,6,14,34,35,37,0,367.5,14
4/4/2012,26,27,34,40,43,0,437.5,17
4/3/2012,8,10,26,29,33,495527,268.5,10.5
4/2/2012,3,7,18,20,26,0,174.5,9
4/1/2012,2,8,24,30,39,0,265,10.5
3/31/2012,2,8,11,18,41,0,217,10
3/30/2012,1,6,19,31,37,349654,325.5,12
3/29/2012,2,13,24,29,37,0,274,11.5
3/28/2012,1,4,11,14,36,0,192.5,9.5
3/27/2012,3,13,22,25,36,327947,232,11
3/26/2012,11,15,20,30,31,0,233,10
3/25/2012,6,15,32,34,38,0,303,16
3/24/2012,6,18,22,27,33,225000,251,11
3/23/2012,2,6,14,22,34,0,202,10.5
3/22/2012,7,11,17,23,37,493578,127.5,8
3/21/2012,7,9,12,16,27,0,161,7.5
3/20/2012,1,3,11,20,34,0,283.5,10
3/19/2012,1,21,23,27,43,0,350,12
3/18/2012,5,9,13,33,35,325000,242.5,9.5
3/17/2012,4,15,19,28,38,0,232,10.5
3/16/2012,11,15,16,19,23,0,213,8.5
3/15/2012,2,7,17,31,32,1115640,256.5,10.5
3/14/2012,3,4,12,13,41,0,266.5,11
3/13/2012,19,21,24,31,36,0,293,11.5
3/12/2012,11,17,22,36,38,0,278.5,12
3/11/2012,5,11,12,27,30,0,142,7
3/10/2012,4,15,20,27,30,0,236,9.5
3/9/2012,12,16,18,28,36,520998,243.5,11
3/8/2012,4,21,31,33,43,0,310.5,12.5
3/7/2012,4,7,13,32,34,0,318.5,11
3/6/2012,15,16,19,25,36,0,292.5,12.5
3/5/2012,5,9,23,40,43,125000,328,12
3/4/2012,1,4,16,17,31,125000,188.5,9.5
3/3/2012,14,18,29,38,39,341914,321,12.5
3/2/2012,11,26,29,32,39,0,316,13
3/1/2012,9,25,32,35,42,0,392.5,15
2/29/2012,2,8,11,18,29,225000,127,7.5
2/28/2012,3,10,34,39,40,0,478,15.5
2/27/2012,13,20,22,29,33,325000,244,11
2/26/2012,4,16,25,28,29,0,201.5,9.5
2/25/2012,14,18,21,23,41,0,264,13
2/24/2012,7,8,15,29,33,125000,289,10
2/23/2012,2,11,14,21,23,225000,173,8
2/22/2012,4,15,28,42,43,0,373.5,14.5
2/21/2012,12,25,28,38,41,500132,255,12.5
2/20/2012,3,8,16,26,34,0,224.5,10.5
2/19/2012,2,19,28,33,34,0,314.5,12
2/18/2012,4,21,28,36,42,0,364.5,14
2/17/2012,1,13,25,36,41,125000,251,14.5
2/16/2012,4,23,24,33,34,225000,272,12
2/15/2012,4,25,29,30,33,0,281,11.5
2/14/2012,24,29,31,32,33,225000,306.5,14
2/13/2012,1,5,14,19,23,0,143,7.5
2/12/2012,10,13,15,29,39,225000,208.5,10.5
2/11/2012,3,10,22,23,34,0,211.5,10
2/10/2012,8,15,20,22,37,347547,255.5,11.5
2/9/2012,9,11,16,24,36,0,241,10
2/8/2012,12,19,32,40,42,0,319.5,14
2/7/2012,15,20,27,35,36,513678,309,13
2/6/2012,7,11,23,25,27,0,135,7.5
2/5/2012,7,10,14,38,42,0,328.5,12.5
2/4/2012,10,17,19,23,34,0,204.5,9.5
2/3/2012,7,8,31,41,43,340631,319,14
2/2/2012,11,14,19,24,40,0,316,11
2/1/2012,6,9,21,33,43,0,192.5,11
1/31/2012,1,7,8,11,24,325001,129.5,7
1/30/2012,12,13,17,34,37,0,304.5,12
1/29/2012,16,26,33,41,43,0,444.5,18
1/28/2012,1,6,16,21,39,125000,176.5,11.5
1/27/2012,14,23,25,33,43,330000,289,12
1/26/2012,12,13,15,34,36,0,311,14
1/25/2012,4,6,12,13,23,0,149,7
1/24/2012,6,20,33,35,39,727647,299.5,13
1/23/2012,5,16,20,31,37,0,340.5,12
1/22/2012,2,20,24,33,40,0,330.5,14
1/21/2012,8,9,12,26,43,0,285,10
1/20/2012,5,9,38,41,43,0,346,15
1/19/2012,14,30,31,33,36,330695,241.5,13.5
1/18/2012,13,25,34,35,43,0,357.5,14
1/17/2012,3,23,39,40,41,0,424.5,16.5
1/16/2012,12,18,19,25,40,225000,238,12
1/15/2012,6,9,21,23,25,0,157,8
1/14/2012,4,9,13,16,29,778132,171,9.5
1/13/2012,3,6,9,15,42,0,179.5,10
1/12/2012,14,25,27,31,43,0,339.5,12.5
1/11/2012,4,24,26,32,40,0,325,13.5
1/10/2012,2,19,25,30,42,0,366,13
1/9/2012,4,12,19,21,36,501035,198.5,9.5
1/8/2012,1,9,20,24,35,0,275,11.5
1/7/2012,6,21,22,31,35,0,290.5,12.5
1/6/2012,2,9,13,14,36,0,224,11.5
1/5/2012,21,27,33,39,40,225000,336,14.5
1/4/2012,6,9,12,18,40,0,208,9.5
1/3/2012,18,20,27,30,35,125000,270.5,12
1/2/2012,6,7,22,29,33,330000,249.5,10
1/1/2012,12,15,36,40,41,0,377,16.5
12/31/2013,14,22,25,28,38,500000,322,12
12/30/2013,2,4,13,15,36,0,262,11.5
12/29/2013,2,13,24,29,39,0,211,11
12/28/2013,4,13,18,34,41,0,299.5,14
12/27/2013,9,16,17,25,37,325000,225,11
12/26/2013,17,19,22,38,41,0,358,13.5
12/25/2013,5,17,21,26,35,0,219,10
12/24/2013,5,7,8,10,25,325000,109,6.5
12/23/2013,9,17,25,32,42,0,287,13
12/22/2013,2,4,11,14,38,0,186.5,9.5
12/21/2013,1,11,33,35,37,225000,274,12.5
12/20/2013,13,14,23,31,42,0,312.5,13
12/19/2013,13,17,19,28,35,325000,222,10
12/18/2013,1,2,4,31,34,0,294,11
12/17/2013,2,12,13,34,41,0,363.5,13.5
12/16/2013,5,9,10,12,30,125000,107.5,5.5
12/15/2013,9,15,24,35,43,325000,348.5,13
12/14/2013,2,3,12,17,41,0,200,10
12/13/2013,2,10,22,35,43,0,299,12
12/12/2013,3,10,14,17,25,1000000,158.5,9
12/11/2013,16,29,35,36,40,0,416,14.5
12/10/2013,8,22,30,39,43,0,305.5,13.5
12/9/2013,1,3,5,12,28,0,92.5,6
12/8/2013,13,14,38,40,42,0,395.5,17
12/7/2013,1,11,23,28,33,0,220,9.5
12/6/2013,2,3,10,17,30,325000,198.5,8
12/5/2013,2,4,5,13,41,0,292.5,10
12/4/2013,18,24,25,27,34,0,301.5,11.5
12/3/2013,5,12,28,37,40,125000,351.5,12
12/2/2013,7,10,21,33,43,225000,207,10
12/1/2013,2,6,8,27,42,0,309,10
11/30/2013,4,18,28,35,42,325000,222.5,12.5
11/29/2013,23,26,27,37,43,0,421,15
11/28/2013,1,3,5,29,34,0,211,8
11/27/2013,7,18,25,26,34,225000,277.5,11
11/26/2013,1,5,6,9,40,0,176.5,8.5
11/25/2013,5,19,21,29,38,700001,252,10
11/24/2013,6,29,34,35,42,0,386,15
11/23/2013,1,7,18,25,36,0,263.5,10.5
11/22/2013,5,8,14,21,34,0,186.5,10
11/21/2013,8,26,27,28,37,0,337.5,12
11/20/2013,13,29,40,42,43,700000,340,14
11/19/2013,11,18,23,31,35,0,295,11
11/18/2013,2,3,4,19,21,0,179.5,7.5
11/17/2013,19,20,21,28,35,0,277.5,11.5
11/16/2013,9,17,18,23,33,0,271,9.5
11/15/2013,4,8,18,22,27,225000,136,8
11/14/2013,2,8,20,33,41,0,302.5,13
11/13/2013,8,10,11,23,24,500000,142,8
11/12/2013,7,10,21,34,43,0,312.5,11.5
11/11/2013,2,4,20,27,31,0,208,10.5
11/10/2013,7,31,33,37,43,0,297,14
11/9/2013,1,2,8,17,42,700000,257,10.5
11/8/2013,10,16,30,35,39,0,310,12.5
11/7/2013,3,7,25,28,41,0,294.5,10.5
11/6/2013,5,18,21,22,33,0,219,10
11/5/2013,1,6,9,22,31,0,184.5,8.5
11/4/2013,6,7,23,28,36,225000,312.5,11
11/3/2013,3,8,12,23,34,0,151.5,8
11/2/2013,6,7,12,27,29,325000,166.5,8
11/1/2013,11,16,21,25,40,0,356.5,12
10/31/2013,8,9,31,34,38,0,322,13.5
10/30/2013,10,12,13,29,30,700000,205.5,9
10/29/2013,12,19,29,33,42,0,247.5,11.5
10/28/2013,8,22,26,32,41,0,430.5,13.5
10/27/2013,1,6,13,32,41,0,262.5,14
10/26/2013,6,13,15,22,29,0,213.5,9
10/25/2013,3,14,22,27,28,125000,204.5,9.5
10/24/2013,16,33,38,39,40,225000,388,16.5
10/23/2013,14,27,29,38,43,0,292.5,15.5
10/22/2013,2,3,18,21,31,700000,240.5,10
10/21/2013,4,20,23,26,42,0,309.5,12
10/20/2013,16,24,25,32,33,0,295.5,13.5
10/19/2013,6,10,33,38,41,0,351.5,14.5
10/18/2013,7,12,19,32,36,0,262,10.5
10/17/2013,10,13,19,27,37,325000,228.5,10
10/16/2013,16,18,35,37,38,0,452,15.5
10/15/2013,3,4,18,36,43,0,301.5,14.5
10/14/2013,2,21,34,36,39,1000000,321.5,13.5
10/13/2013,1,5,10,31,38,0,233,10.5
10/12/2013,1,6,11,36,43,0,291.5,12
10/11/2013,5,15,29,33,37,0,301,11.5
10/10/2013,4,16,20,27,33,0,281,11.5
10/9/2013,1,5,31,37,41,0,348.5,15
10/8/2013,20,23,26,36,39,700000,285,13.5
10/7/2013,1,2,9,37,41,0,307,13
10/6/2013,17,18,20,21,42,0,317.5,13.5
10/5/2013,8,11,19,25,38,0,197,9
10/4/2013,9,11,18,38,40,0,344.5,12
10/3/2013,4,7,17,20,27,325000,145,7.5
10/2/2013,5,11,14,26,38,0,278.5,10
10/1/2013,3,4,22,27,36,0,241.5,11
9/30/2013,5,17,20,24,33,125000,213.5,9.5
9/29/2013,1,10,11,14,18,125000,125.5,7.5
9/28/2013,15,18,23,39,41,500000,359.5,13.5
9/27/2013,9,15,30,31,38,0,271.5,12.5
9/26/2013,1,9,11,21,38,0,191.5,9
9/25/2013,6,13,30,37,38,0,283.5,14.5
9/24/2013,4,5,12,25,34,700000,246,9.5
9/23/2013,4,7,9,29,35,0,239,9.5
9/22/2013,7,9,14,28,32,0,197,9
9/21/2013,12,17,30,35,40,0,420,14
9/20/2013,4,24,30,35,43,0,405.5,14.5
9/19/2013,1,3,13,15,32,1000000,218,10.5
9/18/2013,6,7,24,38,43,0,311,12.5
9/17/2013,12,16,25,28,33,0,241,11
9/16/2013,11,13,29,34,35,0,302.5,12
9/15/2013,15,23,32,34,41,0,354,15
9/14/2013,1,10,16,25,28,0,147,9
9/13/2013,6,24,29,32,35,700000,349.5,12.5
9/12/2013,8,24,30,33,43,0,314.5,12.5
9/11/2013,25,26,30,31,33,0,306,13
9/10/2013,2,5,18,39,43,0,274,12.5
9/9/2013,13,25,29,35,41,0,589.5,15
9/8/2013,3,11,18,29,41,1000000,261.5,11
9/7/2013,19,23,25,29,30,0,204.5,10
9/6/2013,11,29,30,40,43,0,335,13.5
9/5/2013,3,10,13,34,40,0,327,12
9/4/2013,2,4,22,32,43,0,283.5,13
9/3/2013,10,21,22,25,29,0,209,9.5
9/2/2013,27,28,31,34,40,225000,376.5,16
9/1/2013,6,16,19,26,35,0,219.5,11
8/31/2013,1,7,15,25,35,125000,228.5,9.5
8/30/2013,6,7,22,35,37,500000,340,12
8/29/2013,1,3,9,24,37,0,226,9.5
8/28/2013,9,17,20,27,42,0,246.5,11.5
8/27/2013,2,4,8,14,37,0,272.5,9.5
8/26/2013,6,21,22,29,30,700000,263.5,11
8/25/2013,7,9,13,19,43,0,217.5,9
8/24/2013,1,16,26,29,39,0,246,12.5
8/23/2013,5,24,30,34,42,0,405,13.5
8/22/2013,10,12,20,25,31,0,197.5,8
8/21/2013,5,9,24,27,38,700000,220.5,10
8/20/2013,7,10,31,37,40,0,318.5,13
8/19/2013,4,7,11,16,38,0,176,8.5
8/18/2013,10,15,17,34,40,0,267.5,14
8/17/2013,16,33,36,41,43,0,491.5,16.5
8/16/2013,7,11,18,19,43,225000,245,9
8/15/2013,7,24,25,26,42,0,364.5,12.5
8/14/2013,6,16,23,27,42,325000,286,12
8/13/2013,15,18,19,35,37,0,343.5,14
8/12/2013,10,17,27,37,43,0,222,12.5
8/11/2013,1,12,22,34,39,700000,251.5,11.5
8/10/2013,1,8,18,41,43,0,303,12.5
8/9/2013,10,12,19,24,37,0,178.5,9
8/8/2013,1,4,17,26,42,0,209.5,12
8/7/2013,5,14,28,38,40,0,305,13.5
8/6/2013,1,3,6,25,41,700000,268,11
8/5/2013,8,15,30,33,40,0,264.5,12.5
8/4/2013,11,12,28,31,43,0,344,11.5
8/3/2013,2,15,22,38,39,0,314,13
8/2/2013,6,8,31,33,41,0,473.5,14.5
8/1/2013,2,9,11,29,34,125000,213.5,9
7/31/2013,4,9,17,23,39,125000,170,8
7/30/2013,2,7,11,22,33,500000,110.5,7.5
7/29/2013,12,16,19,25,31,0,212.5,9.5
7/28/2013,8,20,28,34,38,0,288,12
7/27/2013,1,15,27,31,42,0,294.5,13.5
7/26/2013,3,10,23,32,33,125000,236.5,9.5
7/25/2013,1,3,7,28,29,1145617,168,9
7/24/2013,13,15,28,32,35,0,277,12
7/23/2013,13,18,20,28,42,0,218.5,11.5
7/22/2013,7,11,24,35,38,0,201.5,10.5
7/21/2013,9,15,25,31,36,0,268.5,11.5
7/20/2013,2,12,21,29,33,0,178,9.5
7/19/2013,7,11,19,34,37,0,199,9
7/18/2013,7,9,19,20,26,125000,176.5,7.5
7/17/2013,17,19,25,31,40,450000,293,11.5
7/16/2013,1,14,24,27,39,0,237.5,11.5
7/15/2013,6,24,25,30,34,0,289,12
7/14/2013,10,11,23,30,41,0,250.5,11
7/13/2013,7,19,21,27,30,225000,175,7.5
7/12/2013,20,26,32,33,39,0,367.5,14
7/11/2013,1,27,29,35,40,225000,442.5,14.5
7/10/2013,1,24,32,34,38,0,358.5,14.5
7/9/2013,2,13,16,30,33,125000,259.5,10.5
7/8/2013,9,15,25,29,30,225000,186.5,9
7/7/2013,6,9,16,20,32,0,268,10
7/6/2013,8,23,25,31,40,700000,282,11.5
7/5/2013,16,17,27,37,39,0,290,11.5
7/4/2013,5,14,18,23,33,0,192,9
7/3/2013,15,18,20,36,43,0,256.5,13.5
7/2/2013,9,12,20,32,34,0,227.5,10.5
7/1/2013,1,26,29,32,37,225000,305,14
6/30/2013,12,13,15,21,39,0,305.5,10.5
6/29/2013,4,21,26,31,40,325001,312.5,13.5
6/28/2013,1,3,6,22,41,0,334,11
6/27/2013,4,8,9,35,36,0,275,11.5
6/26/2013,3,5,9,12,13,500000,117.5,6.5
6/25/2013,3,6,22,23,42,0,307,11
6/24/2013,5,7,13,25,42,0,213,9.5
6/23/2013,5,9,12,37,38,0,338,10.5
6/22/2013,11,17,19,21,37,500000,191,9.5
6/21/2013,2,7,16,32,35,0,305,12
6/20/2013,14,23,30,37,38,0,312.5,14.5
6/19/2013,6,12,33,35,43,0,408,14
6/18/2013,3,13,14,23,39,125000,202.5,9
6/17/2013,5,23,29,34,40,325000,277.5,13
6/16/2013,1,11,22,26,31,0,196,9.5
6/15/2013,7,12,15,30,35,0,235.5,10
6/14/2013,8,14,19,23,29,500000,166.5,9
6/13/2013,6,13,18,19,43,0,289.5,11
6/12/2013,4,5,8,20,36,0,205,9
6/11/2013,3,4,25,27,30,0,190,9.5
6/10/2013,2,4,9,34,39,225000,271,11.5
6/9/2013,9,25,30,34,40,0,342.5,15.5
6/8/2013,6,19,21,32,40,125000,276,14
6/7/2013,3,4,28,33,34,125000,318.5,12.5
6/6/2013,4,17,28,32,40,125000,283.5,13
6/5/2013,8,9,15,20,33,1000000,254,10.5
6/4/2013,3,5,24,30,39,0,248,10.5
6/3/2013,2,11,20,26,43,0,283.5,11.5
6/2/2013,3,18,38,41,43,0,337.5,14.5
6/1/2013,2,25,28,33,40,0,312,13.5
5/31/2013,2,5,6,8,40,0,263.5,9
5/30/2013,2,9,23,25,33,500000,263.5,10
5/29/2013,1,5,19,41,43,0,232,12
5/28/2013,8,12,27,34,39,0,269,11.5
5/27/2013,9,11,26,27,28,0,177.5,8.5
5/26/2013,3,13,17,31,35,125000,162,9.5
5/25/2013,16,28,30,31,42,1000000,276.5,13
5/24/2013,4,7,9,28,30,0,164.5,8.5
5/23/2013,19,21,22,32,41,0,338.5,13.5
5/22/2013,27,30,33,39,43,0,245,14
5/21/2013,5,22,23,34,43,0,287,13
5/20/2013,1,6,9,13,32,0,202,9
5/19/2013,9,13,15,16,40,325000,373,12.5
5/18/2013,1,17,23,25,34,0,230,11.5
5/17/2013,10,11,20,34,38,0,369.5,12.5
5/16/2013,2,7,9,17,22,125000,103,6.5
5/15/2013,7,15,20,26,28,125000,195,9.5
5/14/2013,10,19,23,27,43,500000,245,10.5
5/13/2013,19,28,33,38,40,0,305.5,13
5/12/2013,16,17,24,28,41,0,435.5,12.5
5/11/2013,3,4,26,33,42,0,403,13.5
5/10/2013,1,7,17,28,33,500000,207.5,9.5
5/9/2013,3,15,22,28,39,0,294,11
5/8/2013,2,7,20,34,42,0,295,13.5
5/7/2013,1,8,20,26,35,0,287.5,11
5/6/2013,2,19,22,28,42,125000,272.5,11
5/5/2013,6,24,29,33,41,225000,311,13.5
5/4/2013,13,28,31,33,43,0,347,12
5/3/2013,16,20,28,37,39,516225,352,13
5/2/2013,21,24,25,31,41,0,356,13
5/1/2013,1,6,29,38,40,0,321,15
4/30/2013,11,21,24,32,40,0,450.5,14
4/29/2013,5,11,16,31,38,1322031,247.5,11
4/28/2013,21,25,27,29,30,0,191.5,11
4/27/2013,18,25,37,41,43,0,309,14
4/26/2013,3,9,21,27,34,0,233.5,10
4/25/2013,4,12,13,30,38,0,247,11
4/24/2013,21,24,32,35,37,0,368.5,15
4/23/2013,13,19,26,39,41,0,292,13
4/22/2013,7,28,34,36,43,225000,243,14.5
4/21/2013,12,16,30,37,39,0,325,14
4/20/2013,4,5,9,12,23,325000,118,6.5
4/19/2013,17,19,21,23,34,0,202,10
4/18/2013,5,15,18,20,38,0,211,9.5
4/17/2013,4,5,19,24,42,225000,228.5,10
4/16/2013,14,15,19,35,36,0,341.5,14
4/15/2013,25,29,38,39,41,325000,316,15
4/14/2013,2,8,25,34,35,0,261.5,12.5
4/13/2013,7,9,32,33,38,0,299,13
4/12/2013,10,21,25,31,43,125000,321,13
4/11/2013,8,10,13,16,26,325000,192.5,9
4/10/2013,8,13,29,31,38,0,191,11
4/9/2013,4,12,30,31,33,0,224.5,10.5
4/8/2013,28,31,32,38,43,325000,293,14.5
4/7/2013,2,14,16,37,39,0,373.5,14
4/6/2013,1,18,19,22,31,0,274.5,10.5
4/5/2013,20,22,27,29,30,528607,236,11
4/4/2013,19,20,34,36,41,0,305.5,15
4/3/2013,4,11,18,25,42,0,204.5,10.5
4/2/2013,4,23,36,39,41,0,420.5,16
4/1/2013,11,13,19,23,37,125000,214,8.5
3/31/2013,8,9,14,30,36,700838,301.5,11.5
3/30/2013,15,26,34,41,43,0,274.5,14
3/29/2013,1,14,20,40,42,0,344.5,14
3/28/2013,7,8,18,23,32,0,216.5,9
3/27/2013,16,17,26,30,34,0,316,13.5
3/26/2013,5,11,13,17,26,125000,121,7
3/25/2013,3,9,14,37,40,500000,324.5,12.5
3/24/2013,10,12,13,25,35,0,251,10.5
3/23/2013,9,14,18,31,32,0,307,12
3/22/2013,2,12,19,20,23,0,136,7.5
3/21/2013,4,13,26,29,40,325000,330,12.5
3/20/2013,1,4,6,11,34,0,211.5,9.5
3/19/2013,1,8,9,23,27,0,147.5,7.5
3/18/2013,3,5,20,22,36,125000,233,9.5
3/17/2013,13,18,20,29,37,125000,316,11.5
3/16/2013,3,11,16,19,39,225000,223,9.5
3/15/2013,8,19,34,36,40,0,296.5,15.5
3/14/2013,4,9,12,24,37,500000,175.5,9
3/13/2013,7,9,20,23,24,0,229,9
3/12/2013,9,12,13,17,37,0,278,9.5
3/11/2013,5,12,28,32,35,0,247.5,11
3/10/2013,3,6,15,27,29,325000,206,8.5
3/9/2013,15,17,38,41,42,0,359,15.5
3/8/2013,11,18,23,34,36,0,305,12
3/7/2013,19,20,33,35,41,329370,407,14.5
3/6/2013,5,16,23,27,33,0,209.5,10
3/5/2013,18,20,26,30,34,0,311,13.5
3/4/2013,9,13,20,29,31,728529,207.5,10
3/3/2013,5,9,18,36,39,0,177,10.5
3/2/2013,9,25,31,32,37,0,318,13.5
3/1/2013,7,12,21,26,27,0,174.5,8
2/28/2013,11,15,28,34,41,0,544,14
2/27/2013,7,8,11,17,19,325000,139,6.5
2/26/2013,2,14,20,23,40,0,393,12
2/25/2013,1,12,14,35,41,0,319.5,15
2/24/2013,6,12,14,15,26,225000,199.5,8.5
2/23/2013,10,22,23,36,42,0,300.5,14
2/22/2013,2,17,23,24,36,742837,287,11
2/21/2013,11,20,30,35,40,0,246.5,13
2/20/2013,4,10,15,24,34,0,204,10
2/19/2013,9,13,19,35,39,0,276.5,11
2/18/2013,1,3,5,23,28,0,124,6.5
2/17/2013,8,10,15,22,30,500000,146,8.5
2/16/2013,3,16,22,28,32,0,297,11
2/15/2013,2,3,5,30,38,0,265.5,10
2/14/2013,9,21,29,30,32,0,265.5,11.5
2/13/2013,2,9,15,16,38,125000,307,11
2/12/2013,2,16,17,19,23,1016812,216,10
2/11/2013,12,20,21,23,35,0,279.5,11
2/10/2013,5,8,28,30,31,0,200.5,9.5
2/9/2013,6,9,11,19,26,0,135.5,7.5
2/8/2013,6,9,10,17,38,0,309.5,10
2/7/2013,10,16,27,35,40,0,315.5,15.5
2/6/2013,19,22,28,39,42,1900000,251,12
2/5/2013,5,15,21,28,42,0,257.5,11
2/4/2013,1,2,15,25,43,0,322,11.5
2/3/2013,3,8,10,11,14,0,146,7.5
2/2/2013,4,11,23,28,35,0,219.5,10
2/1/2013,14,21,22,37,42,0,322.5,13.5
1/31/2013,9,20,22,35,40,0,465.5,14
1/30/2013,9,17,26,29,39,0,203.5,10.5
1/29/2013,11,21,23,35,43,225000,287,12.5
1/28/2013,8,15,19,23,37,0,218,10
1/27/2013,2,12,24,34,40,225000,303.5,13
1/26/2013,20,22,27,36,43,0,370,15.5
1/25/2013,1,14,23,30,34,700000,297.5,12
1/24/2013,5,10,26,28,35,0,213.5,10
1/23/2013,8,18,21,30,42,0,274.5,12
1/22/2013,14,23,25,42,43,0,316,14.5
1/21/2013,8,10,23,24,31,0,155.5,8
1/20/2013,1,17,36,37,40,325000,295,15
1/19/2013,2,21,31,37,43,0,318.5,15
1/18/2013,3,26,38,39,42,0,462.5,16
1/17/2013,7,13,24,26,27,1000000,226,9.5
1/16/2013,11,15,18,33,39,0,265.5,11.5
1/15/2013,2,18,22,25,26,0,216.5,10
1/14/2013,7,33,34,37,39,0,291,13
1/13/2013,7,14,20,34,37,0,298,12.5
1/12/2013,1,3,29,40,43,0,409.5,14
1/11/2013,10,11,15,25,40,225000,267.5,10.5
1/10/2013,15,16,19,21,24,0,209,9.5
1/9/2013,2,20,28,35,43,325000,353.5,13.5
1/8/2013,5,6,15,18,19,0,202.5,8
1/7/2013,3,7,11,40,42,0,261,10.5
1/6/2013,4,16,27,30,32,325000,294.5,12
1/5/2013,2,16,21,29,39,0,261.5,11.5
1/4/2013,10,11,21,22,36,0,304,10
1/3/2013,1,22,26,32,38,700000,328,13
1/2/2013,4,17,22,34,38,0,246.5,12
1/1/2013,1,4,8,18,30,0,184,8.5
12/31/2014,13,32,37,38,41,0,410,17.5
12/30/2014,4,5,20,29,39,450000,217,11
12/29/2014,15,17,21,22,31,0,254,11
12/28/2014,1,8,13,16,35,0,281.5,10.5
12/27/2014,12,18,26,28,31,0,225,9.5
12/26/2014,7,22,32,40,42,225000,338.5,14.5
12/25/2014,1,3,17,24,26,0,161,8
12/24/2014,3,13,21,27,39,325000,208.5,9.5
12/23/2014,4,7,15,26,43,0,252.5,11
12/22/2014,8,28,29,31,41,0,443.5,13.5
12/21/2014,1,6,24,25,27,325000,173,10
12/20/2014,14,20,24,35,41,0,361.5,15.5
12/19/2014,5,13,30,36,40,0,384,13.5
12/18/2014,9,22,27,33,39,325000,265.5,11
12/17/2014,6,13,25,36,39,0,261.5,13.5
12/16/2014,16,18,19,26,39,0,374,12.5
12/15/2014,17,20,25,31,42,450000,283.5,13
12/14/2014,1,3,26,29,43,0,283,12
12/13/2014,5,11,16,30,39,0,240,10.5
12/12/2014,12,17,20,31,32,0,273.5,12
12/11/2014,7,16,23,27,38,450000,213,10.5
12/10/2014,4,21,28,33,38,0,258.5,12.5
12/9/2014,11,14,21,39,42,0,291.5,13
12/8/2014,20,22,27,29,42,0,293,13.5
12/7/2014,26,27,35,38,41,325000,329.5,16
12/6/2014,3,6,15,20,21,0,167,8.5
12/5/2014,2,13,15,39,40,0,358,15.5
12/4/2014,21,25,30,36,38,225000,362,14.5
12/3/2014,9,17,27,37,42,0,203.5,11.5
12/2/2014,4,9,14,20,27,450000,157.5,8.5
12/1/2014,4,26,30,40,42,0,433.5,15.5
11/30/2014,3,15,16,30,38,0,239,12
11/29/2014,6,12,18,29,33,0,235.5,9.5
11/28/2014,7,25,28,29,30,450000,229.5,10.5
11/27/2014,15,17,29,34,37,0,371.5,13.5
11/26/2014,2,9,17,18,29,0,163,8.5
11/25/2014,17,28,30,39,42,0,373.5,14.5
11/24/2014,11,12,15,16,29,325000,218.5,9.5
11/23/2014,14,26,30,32,42,0,325.5,15.5
11/22/2014,1,9,17,38,42,0,240,13
11/21/2014,8,14,16,19,43,325000,382.5,11.5
11/20/2014,1,13,23,26,36,0,280.5,11.5
11/19/2014,4,8,18,33,42,0,249.5,11.5
11/18/2014,1,4,14,28,30,125000,148,8.5
11/17/2014,15,18,23,32,34,325000,281,12.5
11/16/2014,3,7,32,35,36,0,362,13
11/15/2014,4,8,11,24,32,0,152,8
11/14/2014,1,13,30,38,41,450000,387,13.5
11/13/2014,8,12,13,39,40,0,367,13
11/12/2014,8,17,19,28,36,0,182.5,10
11/11/2014,2,23,24,27,38,0,377.5,12
11/10/2014,2,8,11,18,42,800000,245,10
11/9/2014,9,20,26,33,34,0,300.5,12.5
11/8/2014,11,12,19,28,41,0,262,10.5
11/7/2014,9,23,27,36,42,0,309.5,13
11/6/2014,8,28,30,36,43,0,333.5,14
11/5/2014,4,12,21,40,41,0,354.5,14
11/4/2014,26,27,29,31,40,600000,311.5,13.5
11/3/2014,26,29,35,38,39,0,274.5,14
11/2/2014,11,16,24,31,34,0,261.5,12
11/1/2014,6,14,23,29,32,0,238.5,11
10/31/2014,1,12,28,41,42,0,394,15.5
10/30/2014,9,12,20,21,23,225000,155,8.5
10/29/2014,2,6,25,32,34,0,358,13.5
10/28/2014,2,4,9,18,30,325000,137,8.5
10/27/2014,10,24,32,37,38,0,397,14.5
10/26/2014,1,15,17,22,37,0,321,11.5
10/25/2014,4,8,11,12,14,600000,129,7.5
10/24/2014,14,18,19,24,33,0,213.5,10.5
10/23/2014,12,13,14,34,38,0,393.5,13.5
10/22/2014,1,9,20,27,30,0,154,9.5
10/21/2014,2,4,10,33,43,0,282,11
10/20/2014,3,6,27,32,42,450000,297.5,13
10/19/2014,1,5,14,28,42,0,252.5,11
10/18/2014,8,17,24,25,27,0,174.5,8.5
10/17/2014,14,19,27,30,31,0,203,11
10/16/2014,7,21,34,35,41,325000,335,13
10/15/2014,2,13,28,34,39,0,286,13
10/14/2014,18,21,25,36,41,0,262,15
10/13/2014,13,14,17,33,36,225000,232.5,12
10/12/2014,1,21,25,29,36,0,462.5,13
10/11/2014,3,7,10,33,36,125000,282.5,9
10/10/2014,22,29,39,41,42,1501426,269,13
10/9/2014,1,5,9,18,43,0,245,9.5
10/8/2014,1,14,28,34,36,0,265.5,12.5
10/7/2014,2,10,21,25,35,0,238.5,10
10/6/2014,5,23,24,33,39,0,243,11
10/5/2014,5,7,26,27,39,0,208.5,9.5
10/4/2014,13,17,19,24,36,0,253.5,10
10/3/2014,7,19,26,39,41,0,259,12.5
10/2/2014,4,11,19,27,28,125000,114.5,7
10/1/2014,10,13,18,23,24,125000,170.5,8
9/30/2014,6,20,22,31,36,803983,242,12.5
9/29/2014,6,17,26,41,42,0,317.5,14
9/28/2014,4,14,16,32,38,0,353.5,12.5
9/27/2014,9,32,34,41,43,0,394,15.5
9/26/2014,10,18,22,23,32,0,239.5,10.5
9/25/2014,2,12,30,36,42,0,429,15
9/24/2014,11,18,22,31,41,225000,275,12.5
9/23/2014,8,16,20,23,37,0,248,11
9/22/2014,8,14,16,18,33,125000,290.5,10.5
9/21/2014,1,8,16,35,38,125000,419.5,14
9/20/2014,10,23,26,29,38,325000,328,11.5
9/19/2014,7,8,16,19,43,0,249.5,10.5
9/18/2014,7,12,21,23,38,0,144,9
9/17/2014,3,5,8,25,40,225000,189.5,9
9/16/2014,12,13,19,25,36,0,262,10.5
9/15/2014,7,17,19,35,37,325000,210.5,10
9/14/2014,11,14,26,33,38,0,315.5,12
9/13/2014,22,30,31,32,35,0,409,15.5
9/12/2014,3,10,32,39,41,450000,336.5,13.5
9/11/2014,3,9,15,31,35,0,227,11
9/10/2014,2,8,26,27,43,0,273,11.5
9/9/2014,10,30,35,38,40,0,333.5,16.5
9/8/2014,1,7,11,36,38,600000,227.5,10
9/7/2014,7,17,28,33,35,0,243.5,10
9/6/2014,4,14,21,24,36,0,207,10.5
9/5/2014,6,14,15,25,32,0,316.5,11.5
9/4/2014,3,8,26,27,43,0,292.5,11.5
9/3/2014,8,12,18,19,28,325000,144,7.5
9/2/2014,5,10,13,25,40,0,258,9.5
9/1/2014,20,25,26,30,43,0,417,14
8/31/2014,13,14,36,37,39,600000,295,14
8/30/2014,11,17,27,29,39,0,247,10
8/29/2014,4,8,16,18,21,0,158.5,8.5
8/28/2014,7,8,9,35,43,0,428.5,12.5
8/27/2014,17,18,23,26,36,0,258.5,12.5
8/26/2014,14,23,28,29,31,800000,214,11
8/25/2014,3,5,10,25,38,0,239.5,8.5
8/24/2014,7,19,36,37,40,0,313,13.5
8/23/2014,2,14,21,32,35,0,325.5,12.5
8/22/2014,4,7,19,22,37,0,174.5,8.5
8/21/2014,1,11,14,17,18,0,182.5,8.5
8/20/2014,1,6,9,17,23,600000,169,8
8/19/2014,8,18,19,27,36,0,234.5,10.5
8/18/2014,20,30,35,38,41,0,417.5,16
8/17/2014,2,3,21,22,36,0,344.5,12
8/16/2014,2,4,21,23,31,0,164,9.5
8/15/2014,4,7,20,26,29,225000,160.5,8.5
8/14/2014,15,23,25,33,42,0,515,13.5
8/13/2014,7,10,18,24,30,225000,141.5,7.5
8/12/2014,5,23,29,30,37,0,262,11
8/11/2014,3,9,11,19,31,450000,171,7.5
8/10/2014,4,13,21,24,42,0,186,11.5
8/9/2014,16,17,19,20,42,0,252.5,14
8/8/2014,4,23,37,38,41,0,353.5,16.5
8/7/2014,6,22,23,31,35,225000,312,12.5
8/6/2014,2,3,15,19,28,0,153,8
8/5/2014,6,11,15,22,25,325000,162.5,9
8/4/2014,1,6,7,25,34,0,216,10
8/3/2014,8,15,23,29,35,0,227.5,10.5
8/2/2014,1,2,6,24,34,325000,287.5,11
8/1/2014,1,8,12,22,29,0,98,7.5
7/31/2014,24,26,28,36,41,0,361,16
7/30/2014,1,14,22,24,38,800000,259.5,11.5
7/29/2014,20,21,25,26,36,0,291.5,13.5
7/28/2014,15,19,20,22,26,0,282,10.5
7/27/2014,1,5,22,28,36,0,210,10
7/26/2014,3,7,16,19,32,0,200.5,9
7/25/2014,1,5,25,31,34,0,339.5,11.5
7/24/2014,7,10,11,15,26,325000,149,7.5
7/23/2014,11,12,22,28,39,0,222,10
7/22/2014,17,18,36,38,41,0,307.5,18
7/21/2014,2,19,22,32,40,325000,282.5,13
7/20/2014,12,17,27,41,43,0,350,13.5
7/19/2014,5,13,19,26,34,0,169.5,9.5
7/18/2014,4,5,21,22,41,225000,368.5,12.5
7/17/2014,4,7,16,28,41,0,243,11
7/16/2014,7,18,23,24,37,450000,258.5,10.5
7/15/2014,5,16,23,39,42,0,310,13
7/14/2014,20,21,31,40,41,0,359,16.5
7/13/2014,7,14,19,22,23,0,147,7.5
7/12/2014,2,4,11,14,23,325000,156.5,7.5
7/11/2014,3,12,22,29,31,0,141.5,9
7/10/2014,7,14,30,32,35,0,333,12
7/9/2014,10,16,22,26,31,325000,236.5,10.5
7/8/2014,6,10,24,28,29,0,159,8.5
7/7/2014,5,7,10,25,28,0,126.5,6
7/6/2014,5,22,30,36,42,125000,447,15
7/5/2014,11,14,37,38,39,125000,377,13.5
7/4/2014,13,18,21,30,40,225000,311,14
7/3/2014,12,14,15,16,37,0,274.5,12.5
7/2/2014,5,12,13,21,43,125000,260,9.5
7/1/2014,5,19,28,34,38,325000,238,11
6/30/2014,12,20,21,27,35,0,216.5,11
6/29/2014,2,17,27,29,35,0,273,10.5
6/28/2014,1,6,10,19,41,325000,198.5,10
6/27/2014,6,19,23,27,40,0,236.5,10.5
6/26/2014,10,30,37,38,40,0,297,15.5
6/25/2014,9,17,25,33,41,125000,257.5,12.5
6/24/2014,14,23,26,35,39,125000,311.5,14
6/23/2014,6,7,10,27,37,600000,242,9.5
6/22/2014,13,17,26,27,39,0,236.5,11
6/21/2014,3,8,14,27,34,0,202.5,10
6/20/2014,7,20,27,34,38,0,262,12.5
6/19/2014,8,12,18,20,36,0,217,9.5
6/18/2014,6,15,24,26,38,450000,233.5,11.5
6/17/2014,13,18,19,24,37,0,283.5,11
6/16/2014,9,18,20,24,25,0,247.5,9.5
6/15/2014,6,9,16,29,32,0,279.5,10
6/14/2014,26,28,29,30,32,828812,247.5,12.5
6/13/2014,6,17,18,24,43,0,252.5,11.5
6/12/2014,9,28,32,40,41,0,379.5,14
6/11/2014,2,13,16,19,40,0,266.5,11.5
6/10/2014,20,21,29,36,38,0,509,14
6/9/2014,2,11,13,15,37,0,221.5,10
6/8/2014,2,4,9,15,43,811886,213.5,10
6/7/2014,5,16,20,21,29,0,197,9.5
6/6/2014,1,7,24,25,33,0,224,9.5
6/5/2014,2,23,24,25,39,0,312,11.5
6/4/2014,20,27,30,37,42,0,343.5,14.5
6/3/2014,18,24,29,34,35,0,243,12.5
6/2/2014,1,2,10,12,25,1702665,155,8.5
6/1/2014,1,6,14,39,43,0,295.5,11.5
5/31/2014,5,22,27,28,34,0,279.5,11
5/30/2014,4,9,26,27,28,0,194.5,10
5/29/2014,1,10,30,32,33,0,331,12
5/28/2014,3,10,14,29,42,0,265.5,10.5
5/27/2014,3,18,33,36,37,0,305.5,12.5
5/26/2014,16,33,34,36,41,0,451.5,16.5
5/25/2014,5,28,29,36,38,0,401,14
5/24/2014,5,12,16,21,24,325000,157,8
5/23/2014,8,15,25,32,42,0,329,13
5/22/2014,3,8,30,32,40,0,422.5,13
5/21/2014,26,29,31,39,42,225000,503,15
5/20/2014,17,19,22,31,32,0,248,12.5
5/19/2014,3,9,17,42,43,800000,260.5,12
5/18/2014,10,21,33,36,40,0,338.5,13.5
5/17/2014,5,15,16,21,35,0,247,10.5
5/16/2014,6,14,17,20,31,0,193.5,10.5
5/15/2014,7,22,26,31,38,0,233.5,12
5/14/2014,6,7,15,37,39,0,297,13
5/13/2014,7,11,21,26,31,325000,109,7.5
5/12/2014,1,16,29,36,40,0,471.5,15
5/11/2014,25,26,29,37,43,0,357,16.5
5/10/2014,9,13,29,38,41,125000,334,12.5
5/9/2014,9,14,20,22,43,125000,321.5,12
5/8/2014,14,16,21,31,33,125000,379.5,12.5
5/7/2014,8,10,19,23,35,225000,198.5,9
5/6/2014,4,7,8,13,39,0,194,8
5/5/2014,9,13,18,26,31,225000,210.5,10
5/4/2014,3,19,24,37,42,0,293,13.5
5/3/2014,31,32,33,35,37,325000,134,13.5
5/2/2014,4,15,29,34,39,0,357.5,13
5/1/2014,5,8,14,19,41,0,207,9
4/30/2014,1,7,24,33,36,828639,225.5,11
4/29/2014,7,16,25,33,39,0,230.5,11
4/28/2014,10,15,19,39,42,0,291.5,12.5
4/27/2014,5,14,20,31,38,0,277.5,11.5
4/26/2014,13,26,29,34,40,0,285.5,14.5
4/25/2014,5,9,12,20,38,0,190.5,8
4/24/2014,3,17,39,40,42,225000,417.5,14.5
4/23/2014,8,20,36,38,39,0,355.5,15.5
4/22/2014,5,9,11,19,38,125000,141,7
4/21/2014,25,29,36,37,42,610178,332,15
4/20/2014,2,5,25,26,41,0,321,11.5
4/19/2014,18,21,22,34,41,0,357,14.5
4/18/2014,17,20,32,35,41,0,391,15
4/17/2014,7,10,13,21,40,0,233.5,9.5
4/16/2014,2,3,27,35,36,1471384,321,12.5
4/15/2014,6,15,23,26,38,0,311,11.5
4/14/2014,1,7,30,34,35,0,267.5,12.5
4/13/2014,13,14,15,21,34,0,349.5,11.5
4/12/2014,3,20,22,23,26,0,264.5,10
4/11/2014,6,13,25,37,42,0,314,13.5
4/10/2014,10,29,33,35,36,0,373.5,14
4/9/2014,6,7,12,14,34,0,259.5,9
4/8/2014,5,12,19,30,35,325000,215.5,9.5
4/7/2014,2,5,12,30,40,0,212,9.5
4/6/2014,2,16,26,36,39,0,254.5,13.5
4/5/2014,3,18,22,35,37,125000,261.5,13.5
4/4/2014,3,12,25,28,42,655802,255,10.5
4/3/2014,15,18,23,37,43,0,340.5,13
4/2/2014,4,10,20,21,42,0,274.5,11.5
4/1/2014,13,22,27,38,43,0,290,13.5
3/31/2014,14,17,29,31,33,0,255.5,11.5
3/30/2014,7,17,30,33,34,225000,316.5,11
3/29/2014,7,11,14,15,24,0,135,7
3/28/2014,8,19,33,39,40,450000,351.5,12.5
3/27/2014,2,3,5,31,41,0,327,11
3/26/2014,6,7,11,20,24,0,153,7.5
3/25/2014,1,10,35,39,43,0,392.5,15
3/24/2014,5,8,26,32,39,1122258,269.5,11.5
3/23/2014,19,26,30,32,40,0,316.5,13.5
3/22/2014,6,18,26,36,38,0,283.5,12.5
3/21/2014,1,4,15,26,33,0,256.5,11.5
3/20/2014,2,15,31,39,42,0,350,14.5
3/19/2014,7,26,35,40,42,0,352,16.5
3/18/2014,6,22,23,31,35,0,355.5,13
3/17/2014,5,10,19,26,43,125000,196.5,9.5
3/16/2014,18,19,20,27,28,125000,245,10.5
3/15/2014,2,6,12,20,21,325000,126.5,8
3/14/2014,4,14,20,25,41,0,361,12.5
3/13/2014,1,14,18,41,43,0,378.5,15
3/12/2014,3,7,10,15,24,611607,133,7.5
3/11/2014,8,22,31,39,43,0,312.5,13
3/10/2014,2,6,26,32,42,0,281.5,14
3/9/2014,16,26,34,36,40,0,317,17
3/8/2014,2,28,35,36,40,0,483.5,17
3/7/2014,2,4,9,11,25,225000,111,6.5
3/6/2014,2,8,12,14,34,0,198.5,8.5
3/5/2014,6,8,9,15,21,325000,156,8
3/4/2014,3,11,28,31,36,0,272,10.5
3/3/2014,12,19,27,28,40,0,289,11
3/2/2014,1,19,29,34,39,125000,260.5,12.5
3/1/2014,1,6,13,26,33,125000,226.5,9.5
2/28/2014,11,18,27,37,41,450000,212.5,12.5
2/27/2014,6,29,30,39,41,0,481,14
2/26/2014,3,7,19,28,29,0,125,7
2/25/2014,5,10,23,38,43,0,295.5,11
2/24/2014,4,5,10,15,39,225000,202.5,8
2/23/2014,6,21,25,28,29,0,224,10.5
2/22/2014,14,18,23,28,33,125000,186.5,10.5
2/21/2014,1,14,18,25,42,700000,272,12.5
2/20/2014,15,18,32,38,41,0,306.5,13.5
2/19/2014,5,6,11,27,28,0,181.5,8
2/18/2014,6,7,13,30,35,0,219.5,10.5
2/17/2014,1,4,16,27,31,0,182,9.5
2/16/2014,3,24,37,38,43,325000,379,14
2/15/2014,5,12,13,21,42,0,190.5,9
2/14/2014,17,18,22,32,43,0,469.5,13.5
2/13/2014,6,7,9,20,31,500000,202.5,9
2/12/2014,8,10,15,32,38,0,249.5,11.5
2/11/2014,10,22,23,33,38,0,354.5,11.5
2/10/2014,1,3,9,14,16,0,157,7
2/9/2014,3,4,12,40,42,225000,383.5,13
2/8/2014,9,10,11,13,33,0,190,7.5
2/7/2014,3,14,19,29,31,125000,185.5,9
2/6/2014,1,7,17,23,24,125000,140.5,7
2/5/2014,2,3,11,21,26,500000,179,8
2/4/2014,17,21,27,29,32,0,193,11
2/3/2014,1,6,18,36,41,0,308,14
2/2/2014,23,24,28,30,37,0,272,13
2/1/2014,5,12,14,16,29,125000,153.5,8
1/31/2014,8,22,24,34,36,1300000,252,11.5
1/30/2014,8,10,20,21,24,0,196,9.5
1/29/2014,2,15,23,30,38,0,237.5,11.5
1/28/2014,1,5,6,15,29,0,144.5,8.5
1/27/2014,13,17,27,34,37,0,186,11
1/26/2014,9,23,26,29,42,0,305.5,12
1/25/2014,4,21,25,39,42,0,412.5,14.5
1/24/2014,5,14,17,19,38,500000,269.5,10.5
1/23/2014,13,14,22,42,43,0,371,14
1/22/2014,5,11,15,39,40,0,302.5,12.5
1/21/2014,6,11,12,15,31,0,225,8.5
1/20/2014,9,19,24,30,42,1000000,273,11
1/19/2014,11,18,20,23,39,0,287,11.5
1/18/2014,3,8,13,28,31,0,114,8
1/17/2014,1,13,19,33,36,0,274.5,11
1/16/2014,1,8,13,39,42,0,273,13
1/15/2014,10,11,14,25,36,0,211,10.5
1/14/2014,3,9,16,17,43,225000,271.5,10.5
1/13/2014,7,17,18,27,42,0,190.5,9.5
1/12/2014,1,5,13,24,33,500000,161.5,9
1/11/2014,19,20,21,30,33,0,272.5,12
1/10/2014,28,29,30,37,41,0,438.5,14.5
1/9/2014,3,10,16,30,39,0,244,10.5
1/8/2014,12,13,15,19,23,325000,163,8.5
1/7/2014,9,13,30,34,43,0,345.5,14.5
1/6/2014,9,18,32,33,42,0,282.5,14.5
1/5/2014,4,6,13,15,35,700000,296.5,11
1/4/2014,3,11,32,36,39,0,290.5,13
1/3/2014,2,6,11,25,31,0,169,9
1/2/2014,11,19,23,38,43,0,264,12
1/1/2014,8,9,10,15,22,0,147.5,7
11/20/2015,9,18,29,34,42,0,318,13.5
11/19/2015,7,11,16,18,43,225000,213,10
11/18/2015,4,11,26,31,33,0,328,10.5
11/17/2015,7,10,13,22,30,325000,142,8
11/16/2015,4,5,21,40,41,0,327.5,15
11/15/2015,1,2,14,34,42,0,339.5,15
11/14/2015,8,9,16,27,28,225000,247,9
11/13/2015,2,18,19,34,36,0,231,13.5
11/12/2015,2,4,9,18,34,600000,212.5,9.5
11/11/2015,1,25,28,34,41,0,362.5,14.5
11/10/2015,12,22,32,39,41,0,288,14
11/9/2015,1,7,17,19,39,0,164.5,8.5
11/8/2015,10,12,25,27,43,0,211.5,10.5
11/7/2015,6,9,31,32,36,325000,352,13
11/6/2015,6,14,16,40,43,0,480,16
11/5/2015,9,11,14,29,37,0,232.5,10
11/4/2015,4,5,6,19,39,450000,265,9.5
11/3/2015,4,8,25,36,37,0,324,12
11/2/2015,8,11,19,32,43,0,214.5,11.5
11/1/2015,4,6,17,18,34,0,322.5,10.5
10/31/2015,1,5,8,20,41,225000,243.5,9.5
10/30/2015,10,21,22,29,33,0,246,10.5
10/29/2015,11,15,26,31,32,1000000,271.5,12
10/28/2015,7,25,32,34,41,0,294.5,13
10/27/2015,20,22,25,28,42,0,273,13
10/26/2015,10,20,27,31,39,0,249,12
10/25/2015,7,21,22,25,40,0,293,12
10/24/2015,12,14,21,26,43,0,244.5,11.5
10/23/2015,10,13,26,33,35,0,268,12
10/22/2015,2,8,10,15,30,325000,145.5,7.5
10/21/2015,2,15,27,29,39,0,250.5,11.5
10/20/2015,2,5,7,19,33,0,140.5,7
10/19/2015,13,16,21,23,39,800000,237.5,11
10/18/2015,14,20,22,24,42,0,241.5,12.5
10/17/2015,1,7,28,35,37,0,283.5,11.5
10/16/2015,10,31,34,37,43,0,354.5,14.5
10/15/2015,13,15,21,37,40,0,338.5,14.5
10/14/2015,2,13,17,25,37,0,231.5,10.5
10/13/2015,6,8,10,13,29,225000,157.5,7.5
10/12/2015,3,7,15,27,40,0,211.5,10
10/11/2015,17,23,30,34,43,125000,354.5,14.5
10/10/2015,1,4,8,32,36,1051944,276,11.5
10/9/2015,19,21,33,35,36,0,308,13
10/8/2015,14,17,30,36,42,0,312.5,13.5
10/7/2015,5,8,25,31,35,0,204.5,10
10/6/2015,8,12,17,20,35,0,244,10
10/5/2015,11,27,29,32,40,0,433,14
10/4/2015,13,24,28,33,40,0,301.5,13.5
10/3/2015,1,10,18,39,43,1800000,241,12
10/2/2015,18,21,30,31,36,0,277.5,12
10/1/2015,5,12,14,27,33,0,211.5,10
9/30/2015,2,8,13,24,40,0,254.5,10.5
9/29/2015,3,8,9,18,41,0,261.5,9.5
9/28/2015,17,31,38,41,42,0,245,14.5
9/27/2015,4,10,18,25,29,0,146,8.5
9/26/2015,12,16,21,38,42,0,461.5,14
9/25/2015,5,15,20,38,43,0,476,13
9/24/2015,4,12,26,35,37,225000,263,12.5
9/23/2015,15,20,27,31,40,0,400.5,14.5
9/22/2015,6,15,21,25,38,1001282,262.5,11
9/21/2015,8,10,20,32,37,0,270,11.5
9/20/2015,3,5,10,32,34,0,276,10.5
9/19/2015,5,6,13,28,29,0,169,9
9/18/2015,2,10,16,21,37,0,194,10.5
9/17/2015,1,7,29,32,33,0,346.5,11.5
9/16/2015,4,8,22,30,35,0,246,10.5
9/15/2015,7,9,26,29,30,125000,149.5,8
9/14/2015,2,12,16,26,34,225000,280.5,10.5
9/13/2015,7,16,31,36,41,0,481.5,16
9/12/2015,5,12,16,19,23,125000,121,6.5
9/11/2015,1,16,18,20,41,1047618,298,12
9/10/2015,1,2,3,9,38,0,203.5,9
9/9/2015,14,19,33,40,43,0,316.5,13.5
9/8/2015,2,32,35,36,39,0,310,13.5
9/7/2015,14,17,19,24,43,0,270,11.5
9/6/2015,10,13,15,36,38,0,239.5,14
9/5/2015,4,5,24,29,34,0,288.5,10
9/4/2015,1,12,18,34,36,1066847,279.5,11.5
9/3/2015,4,9,15,28,40,0,258,11
9/2/2015,14,16,17,18,34,0,274,12
9/1/2015,7,26,33,36,41,0,300,13
8/31/2015,17,20,22,32,41,0,346.5,14
8/30/2015,11,14,23,24,38,0,218.5,10.5
8/29/2015,8,11,15,29,37,0,177.5,9.5
8/28/2015,3,17,25,32,41,600000,298.5,12.5
8/27/2015,10,18,22,34,38,0,272.5,11.5
8/26/2015,2,11,27,42,43,0,346.5,13
8/25/2015,1,16,24,25,42,0,380,13
8/24/2015,3,9,15,25,34,0,266,9.5
8/23/2015,2,5,8,15,41,225000,232.5,9
8/22/2015,7,12,25,28,42,0,211,10
8/21/2015,8,11,25,35,36,125000,209.5,12
8/20/2015,8,14,34,36,40,225000,407,15
8/19/2015,8,25,34,40,41,0,298,17
8/18/2015,5,21,25,26,30,450000,230,10
8/17/2015,5,11,22,36,38,0,285.5,10.5
8/16/2015,8,26,32,37,43,0,341,16
8/15/2015,22,26,33,38,40,0,440.5,16.5
8/14/2015,3,18,20,29,33,800000,258,11
8/13/2015,3,6,8,9,16,0,129,7.5
8/12/2015,6,13,25,31,32,0,250.5,12
8/11/2015,4,6,10,13,34,0,208,9.5
8/10/2015,4,23,24,31,35,0,260.5,12.5
8/9/2015,3,9,15,22,43,0,232.5,11
8/8/2015,8,12,19,27,41,225000,244.5,9.5
8/7/2015,2,3,21,31,41,0,333.5,13
8/6/2015,2,8,24,26,33,225000,186.5,9.5
8/5/2015,3,14,35,39,43,0,435.5,15.5
8/4/2015,7,8,14,19,26,325000,151.5,8
8/3/2015,3,13,18,27,32,0,236.5,10
8/2/2015,6,17,19,23,26,0,179,8.5
8/1/2015,7,10,20,27,38,600000,245.5,10
7/31/2015,4,16,25,30,34,0,264,11.5
7/30/2015,6,8,19,28,41,0,282.5,10.5
7/29/2015,10,26,35,37,41,0,427.5,16
7/28/2015,13,17,23,29,36,0,282,11
7/27/2015,1,7,19,27,35,450000,168,9
7/26/2015,16,23,25,32,35,0,285.5,13
7/25/2015,8,11,13,25,43,0,268,10
7/24/2015,1,24,25,38,43,0,357,15
7/23/2015,9,10,22,27,32,125000,334,10.5
7/22/2015,5,14,18,36,40,325000,300,13.5
7/21/2015,4,21,23,39,42,0,308,14
7/20/2015,10,13,20,22,42,0,342.5,12
7/19/2015,5,20,24,30,39,1631008,243.5,11.5
7/18/2015,7,8,9,14,30,0,218.5,9.5
7/17/2015,12,15,31,36,42,0,301,12.5
7/16/2015,1,15,25,29,42,0,327.5,12.5
7/15/2015,1,2,9,12,14,0,148.5,8
7/14/2015,10,13,15,17,33,0,184,9.5
7/13/2015,2,16,35,38,43,0,481.5,16
7/12/2015,9,11,14,23,28,0,143.5,7.5
7/11/2015,7,26,32,41,42,0,449.5,17
7/10/2015,1,2,7,14,24,225000,156.5,7.5
7/9/2015,6,9,17,19,22,0,139,7.5
7/8/2015,2,3,31,36,42,600000,354.5,14
7/7/2015,7,9,26,31,36,0,267,11
7/6/2015,4,9,30,38,39,0,288,12.5
7/5/2015,3,9,10,23,36,0,178,9
7/4/2015,12,13,14,31,32,0,292,12.5
7/3/2015,13,22,23,38,41,225000,277.5,14
7/2/2015,12,14,21,24,43,0,222.5,11
7/1/2015,9,12,19,21,37,600000,188.5,9.5
6/30/2015,17,25,28,31,42,0,264.5,12.5
6/29/2015,11,22,23,27,34,0,276.5,10.5
6/28/2015,6,14,22,25,37,0,263,11.5
6/27/2015,3,5,7,32,33,0,189,8.5
6/26/2015,6,21,28,35,41,600000,299.5,13
6/25/2015,8,9,24,26,37,0,241.5,10.5
6/24/2015,6,11,20,42,43,0,278.5,13.5
6/23/2015,2,12,16,17,31,0,186.5,9
6/22/2015,2,16,29,37,38,0,336,14.5
6/21/2015,1,8,16,29,35,225000,228.5,10.5
6/20/2015,7,9,11,32,36,0,201,9.5
6/19/2015,3,12,16,22,26,800000,181,9.5
6/18/2015,29,30,31,37,41,0,377.5,14
6/17/2015,2,4,32,34,43,0,378,14.5
6/16/2015,6,10,12,15,35,0,231.5,9.5
6/15/2015,1,3,20,31,43,0,332,11.5
6/14/2015,2,19,32,38,40,0,301.5,16
6/13/2015,19,20,32,37,42,225000,351.5,16.5
6/12/2015,10,11,15,30,36,0,213,10.5
6/11/2015,7,19,33,35,38,325000,265.5,12
6/10/2015,19,20,22,29,32,0,333.5,12
6/9/2015,9,13,21,24,37,0,200.5,10
6/8/2015,15,24,36,41,42,1001452,294.5,13.5
6/7/2015,8,21,23,36,41,0,308,12.5
6/6/2015,17,20,22,30,37,0,282,12
6/5/2015,4,6,9,28,36,0,226.5,10
6/4/2015,19,23,36,41,42,0,399,14.5
6/3/2015,7,9,11,34,39,0,201.5,10
6/2/2015,1,13,32,36,37,0,435.5,15.5
6/1/2015,9,20,36,38,43,450000,308.5,14.5
5/31/2015,22,23,30,40,41,0,395.5,16.5
5/30/2015,3,10,12,19,39,0,183,8
5/29/2015,1,12,16,20,34,0,296.5,11
5/28/2015,2,6,8,26,41,800000,243,10.5
5/27/2015,8,16,28,32,36,0,239,12
5/26/2015,4,17,31,34,37,0,235,12.5
5/25/2015,8,20,25,26,36,0,340.5,12
5/24/2015,12,27,33,39,42,0,323.5,13.5
5/23/2015,20,24,31,41,42,0,473,18.5
5/22/2015,12,31,32,33,37,1004965,307,12
5/21/2015,2,14,24,35,38,0,278.5,12.5
5/20/2015,1,22,23,38,42,0,335.5,14
5/19/2015,5,13,18,25,31,0,181,9
5/18/2015,1,3,20,26,36,0,298,11
5/17/2015,1,6,24,26,35,0,272.5,12
5/16/2015,1,11,33,41,42,0,493,15.5
5/15/2015,22,29,30,34,42,800000,331,13
5/14/2015,8,16,18,22,43,0,339.5,11.5
5/13/2015,7,30,32,34,42,0,341.5,14
5/12/2015,8,13,26,36,38,0,230,12.5
5/11/2015,3,23,25,35,37,0,324,13
5/10/2015,6,16,18,19,27,0,199,8.5
5/9/2015,13,19,21,30,36,125000,223.5,12
5/8/2015,2,13,26,31,38,450000,264.5,12
5/7/2015,16,28,32,37,43,0,278,15.5
5/6/2015,10,11,21,32,37,0,305.5,13
5/5/2015,22,28,29,30,36,0,362.5,13.5
5/4/2015,6,9,10,29,34,225000,205.5,9.5
5/3/2015,2,13,20,24,34,0,249.5,11.5
5/2/2015,8,16,17,24,38,225000,227.5,10.5
5/1/2015,3,21,24,30,32,0,227.5,10.5
4/30/2015,5,11,16,24,31,225000,145,8.5
4/29/2015,1,5,6,24,38,0,206,10
4/28/2015,5,22,24,33,42,125000,428.5,13
4/27/2015,5,18,19,23,31,225000,193.5,9
4/26/2015,1,2,9,29,40,0,248,10.5
4/25/2015,3,13,26,27,36,450000,284,10.5
4/24/2015,10,13,30,32,40,0,367.5,13.5
4/23/2015,5,13,22,23,34,0,197,9.5
4/22/2015,7,9,12,26,29,0,117.5,6.5
4/21/2015,5,11,13,17,26,450000,152.5,8
4/20/2015,10,19,25,29,41,0,298,11.5
4/19/2015,10,17,24,26,43,0,232,11
4/18/2015,1,18,21,34,43,0,351.5,15
4/17/2015,2,4,17,25,27,450000,179,9
4/16/2015,6,12,24,33,43,0,272,11.5
4/15/2015,1,16,27,28,40,0,442.5,13.5
4/14/2015,9,10,11,15,37,0,246,9.5
4/13/2015,5,9,15,40,43,225000,335,12.5
4/12/2015,2,16,35,38,43,0,397,18
4/11/2015,11,13,18,31,38,325000,220,11
4/10/2015,1,16,22,26,32,0,242.5,12.5
4/9/2015,2,9,12,34,37,0,252,11
4/8/2015,3,15,16,27,34,125000,280.5,11.5
4/7/2015,13,14,15,29,32,1091382,275,11.5
4/6/2015,2,4,15,33,34,0,312,12
4/5/2015,6,24,26,28,37,0,252,11.5
4/4/2015,11,15,30,33,35,0,351,12.5
4/3/2015,2,8,29,30,39,0,254,11
4/2/2015,3,20,23,29,40,0,327,12.5
4/1/2015,1,33,36,38,39,0,254,14.5
3/31/2015,1,9,14,37,41,600000,275.5,13
3/30/2015,23,28,29,31,41,0,329,13.5
3/29/2015,8,18,19,25,35,0,232,10.5
3/28/2015,4,20,29,32,41,0,298,15
3/27/2015,4,8,23,26,35,0,224,9.5
3/26/2015,2,7,9,10,23,325000,109.5,7
3/25/2015,6,8,12,17,37,0,192,9
3/24/2015,5,27,29,36,39,0,303,12.5
3/23/2015,5,7,11,17,23,225000,78,5.5
3/22/2015,11,27,28,35,40,0,433,15.5
3/21/2015,9,10,17,30,43,450000,253.5,11
3/20/2015,9,14,26,27,31,0,312.5,10.5
3/19/2015,9,19,30,38,40,0,277,13.5
3/18/2015,8,12,14,23,27,0,130,7
3/17/2015,24,27,29,36,37,225000,447,13.5
3/16/2015,7,15,32,35,40,0,299,16
3/15/2015,9,11,12,13,28,225000,163.5,7
3/14/2015,2,5,19,25,26,0,128,7.5
3/13/2015,24,26,30,36,37,450000,301.5,14
3/12/2015,4,8,11,24,28,0,115.5,7
3/11/2015,12,18,24,29,39,0,268.5,10.5
3/10/2015,10,26,32,35,39,0,356,15
3/9/2015,8,15,17,27,37,450000,222.5,10
3/8/2015,8,9,27,38,41,0,271.5,13.5
3/7/2015,9,14,32,36,42,0,576.5,14
3/6/2015,3,6,7,32,33,0,363,10.5
3/5/2015,1,3,12,18,27,1001468,177,8.5
3/4/2015,25,32,37,39,40,0,354.5,14
3/3/2015,1,2,12,13,34,0,275.5,10.5
3/2/2015,2,5,19,28,33,0,194,9
3/1/2015,3,10,36,38,40,0,335.5,15
2/28/2015,25,35,39,40,42,0,359.5,15.5
2/27/2015,7,9,21,30,36,0,204,10
2/26/2015,4,17,19,26,30,125000,177,8.5
2/25/2015,8,12,13,20,22,450000,186,8.5
2/24/2015,3,11,13,24,43,0,235.5,9.5
2/23/2015,16,20,24,26,28,0,183,11
2/22/2015,8,9,19,28,33,0,172,9
2/21/2015,7,20,23,26,34,125000,226,10.5
2/20/2015,1,7,25,30,32,225000,219.5,10.5
2/19/2015,1,6,10,17,34,0,265.5,9.5
2/18/2015,3,8,22,26,31,325000,168.5,9.5
2/17/2015,1,5,6,23,34,0,237.5,10
2/16/2015,7,8,10,29,33,0,185,8.5
2/15/2015,3,7,12,26,27,225000,120,6.5
2/14/2015,8,14,21,37,43,0,407.5,13.5
2/13/2015,2,5,8,15,26,450000,167,8
2/12/2015,9,16,26,38,40,0,381,13.5
2/11/2015,8,9,20,23,33,0,269,10
2/10/2015,10,21,29,41,42,0,386.5,16
2/9/2015,2,13,18,26,41,125000,280,12.5
2/8/2015,10,15,24,31,34,821764,268.5,11.5
2/7/2015,19,21,32,36,40,0,316,14
2/6/2015,1,7,21,34,38,0,268,11.5
2/5/2015,6,18,19,21,33,0,227,10
2/4/2015,25,26,29,31,38,0,386.5,13.5
2/3/2015,2,11,24,30,42,0,292.5,11.5
2/2/2015,1,4,26,29,42,600000,256.5,12
2/1/2015,7,9,24,29,39,0,246,9.5
1/31/2015,9,18,25,38,41,0,336,13
1/30/2015,1,9,20,33,37,0,269,12.5
1/29/2015,6,15,32,35,40,0,346.5,16.5
1/28/2015,4,7,11,14,37,600000,175.5,8.5
1/27/2015,1,14,17,21,39,0,253.5,11
1/26/2015,2,4,18,22,37,0,228.5,10.5
1/25/2015,4,6,7,12,18,0,119,6.5
1/24/2015,14,19,34,39,41,0,373.5,15
1/23/2015,4,13,16,29,36,616063,276,11.5
1/22/2015,3,21,25,26,42,0,265,12
1/21/2015,22,26,31,36,42,0,327.5,14
1/20/2015,18,19,21,25,40,0,351,12.5
1/19/2015,5,12,26,37,38,0,267,12
1/18/2015,5,8,10,23,31,125000,132.5,7
1/17/2015,14,16,25,27,40,125000,311.5,13
1/16/2015,5,7,14,30,42,125000,290,10.5
1/15/2015,7,12,17,27,42,125000,169,8.5
1/14/2015,3,9,19,20,33,600000,211,9.5
1/13/2015,6,11,14,34,35,0,316,13
1/12/2015,14,21,26,30,34,0,301,12.5
1/11/2015,15,29,30,35,40,0,395.5,15
1/10/2015,6,10,12,13,34,0,222,9.5
1/9/2015,12,13,17,34,36,225000,279,12
1/8/2015,9,14,18,23,27,0,178.5,8.5
1/7/2015,7,23,24,31,35,125000,303.5,11
1/6/2015,1,4,19,26,32,325000,296,11
1/5/2015,3,18,21,41,43,0,345.5,14
1/4/2015,2,11,12,28,30,0,136.5,7.5
1/3/2015,16,17,25,27,35,450000,280.5,11.5
1/2/2015,3,14,23,30,36,0,299,11.5
1/1/2015,8,15,17,21,36,0,169.5,10.5
